{
  "posts": [
    {
      "id": 2,
      "name": " ramesh",
      "email": "ramesh@gmail.com",
      "mobile": " 0878522565",
      "address": " vizag",
      "salary": " 50000"
    },
    {
      "id": 3,
      "name": " ramesh",
      "email": "ramesh@gmail.com",
      "mobile": " 0878522565",
      "address": " vzg",
      "salary": " 60000"
    },
    {
      "id": 4,
      "name": " ramesh",
      "email": "ramesh@gmail.com",
      "mobile": " 0878522565",
      "address": " vzg",
      "salary": " 70000"
    },
    {
      "id": 5,
      "name": " ramu",
      "email": "ramesh@gmail.com",
      "mobile": " 0878522565",
      "address": " vzg",
      "salary": " 70000"
    }
  ],
  "comments": [],
  "profile": {
    "name": "typicode"
  }
}